unique_id,q0.05,q0.1,q0.25,q0.5,q0.75,q0.9,q0.95,reconciled_median,bottomup_median,level,spend,roas_q0.05,roas_q0.1,roas_q0.25,roas_q0.5,roas_q0.75,roas_q0.9,roas_q0.95,roas_reconciled_median,horizon_days,max_abs_coherence_error
total,276795.54011174355,290150.926254858,362517.9453817608,487534.90364223666,487534.90364223666,532506.2331689994,565907.270719968,487534.90364223666,487534.903642237,total,99627.36440142857,2.778308367131456,2.9123617592226245,3.6387386895137275,4.893584273471414,4.893584273471414,5.3449796285222595,5.68023930091895,4.893584273471414,30,0.0
total/bing,0.0,0.0,0.0,5860.779801423424,5860.779801423424,5860.779801423424,6610.43044490302,5860.779801423424,5860.779801423428,channel,1053.9964285714284,0.0,0.0,0.0,5.560530987156229,5.560530987156229,5.560530987156229,6.271776891941372,5.560530987156229,30,0.0
total/google,198158.98977755732,266706.512524635,332012.0272808319,400637.64203540754,400637.64203540754,418236.9840013878,441263.99746723933,400637.64203540754,400637.64203540777,channel,85798.5751167857,2.3095836907294904,3.1085191352141273,3.8696683112616963,4.669513934119245,4.669513934119245,4.874637876352839,5.143022443748138,4.669513934119245,30,0.0
total/meta,6188.515581343861,18416.066394759087,41435.58339099177,81036.48180540568,81036.48180540568,124136.13618291797,148146.5734687086,81036.48180540568,81036.48180540573,channel,12774.79285607143,0.4844317752207362,1.4415941301158985,3.243542486976517,6.343467382869677,6.343467382869677,9.717271941824109,11.596788702393676,6.343467382869677,30,0.0
total/bing/Search,0.0,0.0,3200.7939059793543,5860.779801423424,8793.38339733839,13379.819960772063,17480.48541455117,5860.779801423424,5860.779801423428,campaign_type,1053.9964285714284,0.0,0.0,3.036816652517186,5.560530987156229,8.342896767930053,12.694369352756611,16.584956970152138,5.560530987156229,30,0.0
total/google/DEMAND_GEN,0.0,0.0,0.0,2151.604538482,3824.830020899638,4218.268177207476,4360.960869477942,2151.604538482,2151.6045384819927,campaign_type,792.9896249999999,0.0,0.0,0.0,2.713282079172221,4.823303988245292,5.319449390283607,5.499392087857318,2.713282079172221,30,0.0
total/google/PERFORMANCE_MAX,123923.31939640145,179390.36347447973,204322.67593261463,244408.5519194358,260133.4487060421,272589.4610225008,280254.668104415,244408.5519194358,244408.55191943594,campaign_type,53251.65113142857,2.3271263287320534,3.368728662172982,3.8369265852120313,4.589689647673449,4.8849837174816555,5.1188921888963055,5.2628352764635995,4.589689647673449,30,0.0
total/google/SEARCH,60159.9514947866,75174.18522756331,95171.57107677782,106324.07471474956,124877.55024929966,138002.75673767077,212145.9756672663,106324.07471474956,106324.07471474967,campaign_type,19930.259394642857,3.0185232566996723,3.771861857842639,4.775229925123775,5.3348063670124075,6.2657262896872306,6.924283021362238,10.644416184783323,5.3348063670124075,30,0.0
total/google/SHOPPING,33053.77341220916,35259.964834286766,39692.86048718708,47062.03058684171,107715.67968936262,254728.85223134764,291462.7111866953,47062.03058684171,47062.03058684168,campaign_type,10588.017857142868,3.121809375294025,3.330176177451359,3.748847142377037,4.444838611137477,10.173356443358818,24.0582189856719,27.527599133209748,4.444838611137477,30,0.0
total/google/VIDEO,0.0,0.0,0.0,691.3802758983786,875.6784866301218,1793.7241969897232,1820.435814183905,691.3802758983786,691.3802758983768,campaign_type,1235.6571085714288,0.0,0.0,0.0,0.5595243786504001,0.7086743406045012,1.4516358822744024,1.47325322013366,0.5595243786504001,30,0.0
total/meta/brand,0.0,0.0,0.0,2817.516926049012,4173.801745411749,4411.210966198413,4418.60750221463,2817.516926049012,2817.516926049012,campaign_type,2541.964285714286,0.0,0.0,0.0,1.1084014601949046,1.6419592395016362,1.7353552097443705,1.7382649815526467,1.1084014601949046,30,0.0
total/meta/prospecting,6605.146631734286,18635.66856514659,31666.49709249221,38701.90130051809,48898.82294600158,64412.57301144972,71272.14610469062,38701.90130051809,38701.90130051812,campaign_type,6408.6642825,1.0306588612810965,2.9078865335534276,4.941200802008497,6.038996520101783,7.630111485091914,10.050857740721375,11.121216990459606,6.038996520101783,30,0.0
total/meta/remarketing,15930.872066785138,19554.387684167137,34026.39947220193,39517.06357883857,52678.972583142604,82113.37868860553,100652.29886893158,39517.06357883857,39517.06357883859,campaign_type,3824.164287857143,4.165844055751053,5.113375423293953,8.897734749588517,10.333516189227796,13.775290133432286,21.472241386004228,26.320077092015246,10.333516189227796,30,0.0
total/bing/Search/bing::566560838,0.0,38.72416778572733,2964.145906138374,5389.871394506335,9736.205152849298,10621.626739019694,10771.322490605438,5389.871394506335,5389.87139450634,campaign,1053.9964285714284,0.0,0.03674032163298078,2.812292172712515,5.113747303500533,9.237417593573452,10.077478870982603,10.219505682011404,5.113747303500533,30,0.0
total/bing/Search/bing::569378946,0.0,0.0,0.0,470.90840691708985,3629.4291623956237,7698.339425211454,8863.58226939709,470.90840691708985,470.9084069170876,campaign,0.0,,,,,,,,,30,0.0
total/google/DEMAND_GEN/google::22819091664,0.0,0.0,0.0,1123.203951617923,1744.7948489684482,2078.534578648788,2252.9577273832683,1123.203951617923,1123.2039516179193,campaign,436.1526107142857,0.0,0.0,0.0,2.5752544499927574,4.00042280180555,4.765613062007765,5.165526176018084,2.5752544499927574,30,0.0
total/google/DEMAND_GEN/google::22819175439,0.0,0.0,0.0,1028.4005868640772,1978.9935645168318,2495.5111629227486,2560.162852405858,1028.4005868640772,1028.4005868640736,campaign,356.8370142857143,0.0,0.0,0.0,2.881989663887983,5.545931294370376,6.993420141456033,7.174600027215708,2.881989663887983,30,0.0
total/google/PERFORMANCE_MAX/google::18253990962,0.0,0.0,770.4454031496725,4396.130772183714,7322.13697174703,8647.863136331991,9131.248438294966,4396.130772183714,4396.1307721837065,campaign,1013.6079492857142,0.0,0.0,0.7601019740350325,4.337111577786708,7.223835386163765,8.53176333357104,9.008659062638294,4.337111577786708,30,0.0
total/google/PERFORMANCE_MAX/google::18259733009,0.0,0.0,0.0,563.4795508828446,3159.183231177979,3898.783148343423,4087.909142746221,563.4795508828446,563.4795508828435,campaign,71.77480392857143,0.0,0.0,0.0,7.850659563537171,44.015212278697724,54.31966281960727,56.954654265784,7.850659563537171,30,0.0
total/google/PERFORMANCE_MAX/google::21263646438,0.0,0.0,871.6845939451291,2376.457475166507,3898.9762156478155,5124.795931963981,6581.977698357007,2376.457475166507,2376.4574751665104,campaign,640.8641978571429,0.0,0.0,1.3601705273282236,3.7082075783179427,6.083935143646374,7.996695632397249,10.270471841562005,3.7082075783179427,30,0.0
total/google/PERFORMANCE_MAX/google::21269832716,0.0,0.0,0.0,2169.244421154728,5177.363892966784,6935.261138486725,7412.606087392776,2169.244421154728,2169.244421154729,campaign,166.40615035714285,0.0,0.0,0.0,13.035842824914043,31.11281573340327,41.67671160952997,44.54526513283165,13.035842824914043,30,0.0
total/google/PERFORMANCE_MAX/google::21551974931,19974.798327533375,23767.843347162274,28141.662427512463,29883.155532488723,30553.233045314857,32203.354605304965,33731.972473240785,29883.155532488723,29883.155532488738,campaign,7761.398243571429,2.5736082211833415,3.0623146244104382,3.6258495627152616,3.850228347352256,3.936562986008524,4.149169208264528,4.3461205590345955,3.850228347352256,30,0.0
total/google/PERFORMANCE_MAX/google::21555598453,0.0,0.0,795.0469158161281,4383.26343423098,7479.279602728828,9189.850540225561,11248.249647152235,4383.26343423098,4383.263434230996,campaign,1141.4981957142859,0.0,0.0,0.6964942378368212,3.8399214739784835,6.552160687427729,8.050692129631502,9.85393554662056,3.8399214739784835,30,0.0
total/google/PERFORMANCE_MAX/google::21560212684,3673.332974885435,4643.860282714849,8234.77482451082,10777.177397240692,11626.075728544683,14881.64255021649,18618.539630288295,10777.177397240692,10777.177397240697,campaign,2424.3105514285717,1.5152072710820206,1.9155385352665997,3.39674915808881,4.445460747959882,4.795621469243614,6.138505044845511,7.679931772485568,4.445460747959882,30,0.0
total/google/PERFORMANCE_MAX/google::21560247115,0.0,0.0,0.0,873.538262436295,1967.205703052883,2351.5937956138305,2472.6575447001514,873.538262436295,873.5382624362946,campaign,162.44314285714287,0.0,0.0,0.0,5.377501611160708,12.110118460235036,14.476411587787913,15.221680036532394,5.377501611160708,30,0.0
total/google/PERFORMANCE_MAX/google::21638781593,518.3998929118418,814.2426174588165,1353.2448433478194,2104.079427301618,2674.127964786977,3089.4819249444613,3973.453179778705,2104.079427301618,2104.079427301618,campaign,420.45711,1.2329435763658314,1.9365652241171913,3.2185086449074896,5.004266492964331,6.360049339603217,7.34791219238619,9.450317488456088,5.004266492964331,30,0.0
total/google/PERFORMANCE_MAX/google::21663737223,4229.024011341149,6170.777778798545,7688.724614607943,9500.991962665832,11378.431677881024,12190.930216839875,14048.506528066277,9500.991962665832,9500.991962665854,campaign,2042.990885357143,2.07001609339136,3.0204627064304344,3.7634649619417404,4.650530763873148,5.5694970346830095,5.967197555415786,6.87644111814547,4.650530763873148,30,0.0
total/google/PERFORMANCE_MAX/google::21776623830,0.0,0.0,1372.7459516453282,2614.783962961679,3350.7854003778275,4075.4333716452493,4265.293522060899,2614.783962961679,2614.783962961681,campaign,605.1249610714286,0.0,0.0,2.2685330137675317,4.321064459697658,5.537344541935534,6.734862439700595,7.048616065198847,4.321064459697658,30,0.0
total/google/PERFORMANCE_MAX/google::21777702230,5980.057588488031,7616.267527435086,8697.476998173297,9467.241652666497,10225.374155532325,10708.494503723161,11101.678759511105,9467.241652666497,9467.241652666502,campaign,2407.565255357143,2.483861060538912,3.1634729361905802,3.612561270694653,3.932288701874503,4.247184633014432,4.447852235737071,4.611164218626448,3.932288701874503,30,0.0
total/google/PERFORMANCE_MAX/google::21783084650,0.0,0.0,963.1933292460508,2947.8357740923198,4502.326377611729,5279.279060719842,5481.370490000329,2947.8357740923198,2947.8357740923193,campaign,638.1601660714286,0.0,0.0,1.5093285047475706,4.6192726071253585,7.055166738670724,8.272655269631695,8.58933349560838,4.6192726071253585,30,0.0
total/google/PERFORMANCE_MAX/google::21784340082,0.0,759.5875628701588,2941.575370265393,4869.684664914804,6466.596521554944,6867.763171108527,7000.579044959295,4869.684664914804,4869.684664914815,campaign,604.5096321428573,0.0,1.2565350864263045,4.866052108778048,8.055594825929925,10.697259692343103,11.360882946999167,11.58059139627559,8.055594825929925,30,0.0
total/google/PERFORMANCE_MAX/google::21784340304,0.0,0.0,0.0,1637.7164220319298,5964.436172878345,9646.264680425187,11605.474636557807,1637.7164220319298,1637.7164220319269,campaign,285.0133392857143,0.0,0.0,0.0,5.746104467027017,20.926866748855005,33.844958641585535,40.719057801444826,5.746104467027017,30,0.0
total/google/PERFORMANCE_MAX/google::21794370952,15161.305959356348,17176.309236188656,18436.975387606206,19448.46512057591,20512.859739931086,21884.307465700273,22197.29371535013,19448.46512057591,19448.46512057591,campaign,5544.867859285714,2.734295269808182,3.0976949626354657,3.325052256516938,3.507471343614895,3.6994316655498327,3.9467680783504537,4.003214193495599,3.507471343614895,30,0.0
total/google/PERFORMANCE_MAX/google::21802413975,0.0,2046.6112852540818,4425.4542640533855,6527.334709746419,7806.525608237192,8683.646312003306,9987.780321140148,6527.334709746419,6527.334709746428,campaign,717.0320667857144,0.0,2.8542813913868,6.171905649759366,9.103267499606986,10.887275436971745,12.11054109606289,13.929335637544094,9.103267499606986,30,0.0
total/google/PERFORMANCE_MAX/google::21802413978,0.0,1026.00646034481,5041.500545909728,8630.673926759544,10412.183045076348,10941.905303355561,11068.138413371282,8630.673926759544,8630.673926759564,campaign,1962.027005357143,0.0,0.5229318748128283,2.569536776071049,4.398855827771098,5.306850016155126,5.576837257326044,5.641175367694073,4.398855827771098,30,0.0
total/google/PERFORMANCE_MAX/google::21808837082,12953.875653575293,16780.270550087844,20394.68566217252,22053.375129770804,24983.190432523057,31122.844086776164,35037.50520590403,22053.375129770804,22053.375129770826,campaign,2777.2300639285713,4.664314930845592,6.042088758880518,7.343534814441307,7.940780785937079,8.995722305116747,11.2064335220219,12.615989456898367,7.940780785937079,30,0.0
total/google/PERFORMANCE_MAX/google::21812740018,0.0,0.0,0.0,1660.357931346747,6776.680086681767,10005.036143775842,11895.85231039936,1660.357931346747,1660.357931346744,campaign,246.85554214285713,0.0,0.0,0.0,6.726030604513977,27.452007063953427,40.52992311586772,48.189529014159795,6.726030604513977,30,0.0
total/google/PERFORMANCE_MAX/google::22094147466,0.0,0.0,0.0,2476.098366507586,8369.123476988985,19003.9497648871,21346.57494157081,2476.098366507586,2476.0983665075855,campaign,301.7138678571429,0.0,0.0,0.0,8.20677678521553,27.738610546571373,62.986663158238365,70.75105659935427,8.20677678521553,30,0.0
total/google/PERFORMANCE_MAX/google::22104151159,0.0,0.0,0.0,1948.2858528561553,6082.140831562494,14243.819679049244,15134.162707341064,1948.2858528561553,1948.2858528561565,campaign,257.3183314285714,0.0,0.0,0.0,7.571500413669428,23.63664025720929,55.35485793013998,58.81494187887711,7.571500413669428,30,0.0
total/google/PERFORMANCE_MAX/google::22211017642,0.0,0.0,55.427668721605926,416.1228158464988,712.1924185462185,877.995900324726,938.3187148580696,416.1228158464988,416.12281584649884,campaign,119.58561214285713,0.0,0.0,0.46349780486461833,3.4797063659246725,5.9555025540650535,7.341986085047346,7.846418127100046,3.4797063659246725,30,0.0
total/google/PERFORMANCE_MAX/google::22211017645,911.7180212318747,1268.1156812792601,1664.4459549225135,2655.5017578502902,4176.772920274321,4574.077518424342,4740.001746066288,2655.5017578502902,2655.5017578502907,campaign,646.0175689285713,1.4112898241203735,1.9629739844110536,2.576471654916474,4.110572042575367,6.465416919235732,7.08042279099392,7.337264455404276,4.110572042575367,30,0.0
total/google/PERFORMANCE_MAX/google::22211017651,0.0,0.0,263.9940477181991,622.5773001499992,1018.9876844220531,1131.640512379092,1156.515103018768,622.5773001499992,622.5773001499991,campaign,183.94016464285713,0.0,0.0,1.435216980645726,3.384672952526769,5.539778038149229,6.152220829943877,6.287452798926689,3.384672952526769,30,0.0
total/google/PERFORMANCE_MAX/google::22211017654,5732.179835663573,5991.944140343707,6613.805158533865,7093.476752911011,7772.199431712766,8165.342829818448,16620.848905452578,7093.476752911011,7093.476752911023,campaign,1999.8922392857141,2.8662443521011363,2.9961335029150384,3.3070807659597032,3.546929486282987,3.886309111579283,4.08289140255617,8.310872245491046,3.546929486282987,30,0.0
total/google/PERFORMANCE_MAX/google::22227081821,0.0,0.0,0.0,820.0329162584362,1250.8731929416595,1727.0455262447713,1952.609770417948,820.0329162584362,820.0329162584362,campaign,251.91624535714286,0.0,0.0,0.0,3.25518076492396,4.965432821405744,6.855633799226924,7.751027599072557,3.25518076492396,30,0.0
total/google/PERFORMANCE_MAX/google::22296346455,6077.9613103725615,9414.264733110793,14094.229898961932,20652.14112815533,22778.74770023447,32185.064147895348,35754.18935844164,20652.14112815533,20652.141128155334,campaign,3965.124038571428,1.5328552779807503,2.37426739782461,3.5545495580612054,5.208447687199206,5.744775567838553,8.11703841665723,9.017167939927376,5.208447687199206,30,0.0
total/google/PERFORMANCE_MAX/google::22379725812,1840.8388517617914,2219.9610700482126,3551.6783220775937,4117.292267462666,4372.808796712972,4796.4118334306995,4996.513946782017,4117.292267462666,4117.292267462666,campaign,876.3594075,2.1005523943802604,2.533162822295843,4.052764529805763,4.698177747880987,4.989743659153875,5.473110452609251,5.701443841443577,4.698177747880987,30,0.0
total/google/PERFORMANCE_MAX/google::22496284541,2866.3375753500786,3516.9077927067765,6553.565048797192,7032.48735786207,7426.979373986418,7657.825158820209,7820.494477159823,7032.48735786207,7032.487357862071,campaign,1566.4384960714285,1.829843675662179,2.2451617484676576,4.183735949565397,4.489475568622257,4.741315661363671,4.888685497723505,4.992532101817813,4.489475568622257,30,0.0
total/google/PERFORMANCE_MAX/google::22496284928,0.0,0.0,11775.816398545876,14222.276815587547,15273.936794944766,16253.259157957504,16535.086562572298,14222.276815587547,14222.276815587547,campaign,3221.3738925,0.0,0.0,3.655526117586761,4.414972396932825,4.741435581416219,5.045443248856746,5.132929959192031,4.414972396932825,30,0.0
total/google/PERFORMANCE_MAX/google::22635965025,0.0,262.207454849206,2999.7645168019244,3958.056683427511,4756.320160822818,5744.782350931065,6485.217042192204,3958.056683427511,3958.056683427509,campaign,388.6544785714285,0.0,0.6746544020616925,7.718332560654169,10.1839986457279,12.237914196449127,14.781207132996578,16.686330403369645,10.1839986457279,30,0.0
total/google/PERFORMANCE_MAX/google::22645714681,0.0,0.0,0.0,10712.246765006608,13808.859104052655,15345.15110296816,16093.182306112298,10712.246765006608,10712.246765006577,campaign,2377.5845753571425,0.0,0.0,0.0,4.505516596984776,5.807936023465493,6.454092637551339,6.768710763399406,4.505516596984776,30,0.0
total/google/PERFORMANCE_MAX/google::22739335904,0.0,169.90868830196632,1929.1887822100784,2490.490102446516,2926.51730312642,3346.81176217425,3719.3783621138864,2490.490102446516,2490.490102446518,campaign,257.66988428571426,0.0,0.6594045275138365,7.487055724645415,9.665429506247479,11.357622607853486,12.988757966232393,14.434664619128315,9.665429506247479,30,0.0
total/google/PERFORMANCE_MAX/google::23069675969,2176.9092900917485,2305.6136475807934,3296.792100437693,4475.724023280944,4802.0215088259465,6795.000056977986,7558.537968852418,4475.724023280944,4475.724023280943,campaign,1497.0417889285713,1.4541406300018895,1.5401130847729472,2.2022044573633432,2.989712148572824,3.2076736563664934,4.538951489016982,5.048982616752498,2.989712148572824,30,0.0
total/google/PERFORMANCE_MAX/google::23069675972,151.82026769372214,449.50366097806227,1202.8068784848879,3314.850403091576,9676.61998686093,12204.585046176975,13623.790141617483,3314.850403091576,3314.850403091578,campaign,1961.8751764285714,0.0773852839965579,0.22911939881738339,0.6130904213154359,1.6896336948031434,4.932332139742143,6.220877450722627,6.94426959742589,1.6896336948031434,30,0.0
total/google/PERFORMANCE_MAX/google::23121755418,0.0,0.0,0.0,5340.91787431807,8773.468549712765,10146.077057632774,10620.81125828925,5340.91787431807,5340.917874318078,campaign,1145.5944835714288,0.0,0.0,0.0,4.662136515940249,7.6584416872898915,8.856604324771224,9.27100419092323,4.662136515940249,30,0.0
total/google/PERFORMANCE_MAX/google::23205156959,0.0,0.0,2788.0439573194762,5174.985205798392,7390.52669405318,12214.519825842815,14431.489261882294,5174.985205798392,5174.985205798392,campaign,599.4137582142857,0.0,0.0,4.651284557807518,8.633410786591213,12.329591359514849,20.377443224244814,24.076006037757896,8.633410786591213,30,0.0
total/google/SEARCH/google::21567626631,14236.374264133243,15165.402959812443,19446.61281786596,21768.9292967049,23383.116787727377,25769.67902089954,33636.999899769566,21768.9292967049,21768.929296704908,campaign,3467.7113442857144,4.10540926008525,4.373317572929716,5.607909911507242,6.277607083005032,6.743097814718449,7.43132183229848,9.700057634612081,6.277607083005032,30,0.0
total/google/SEARCH/google::21577977814,9633.294123561587,12767.820549783726,14518.33467436278,15742.155507499616,17731.45332180972,19272.079999411442,29056.443986904254,15742.155507499616,15742.155507499636,campaign,3029.1505071428574,3.1801965933504777,4.214983877386316,4.7928733287197085,5.196887863570657,5.853605913604572,6.3622061544869135,9.59227477089303,5.196887863570657,30,0.0
total/google/SEARCH/google::21587818996,0.0,0.0,0.0,3904.912189279495,5679.974404690073,7816.151164408824,9927.74440474167,3904.912189279495,3904.9121892794974,campaign,699.0978835714285,0.0,0.0,0.0,5.5856444155298615,8.124719782690827,11.180338759544005,14.200793105000622,5.5856444155298615,30,0.0
total/google/SEARCH/google::21697189844,0.0,0.0,0.0,29.93940937144757,169.93940937144768,1731.5481582372877,1840.3066550022243,29.93940937144757,29.9394093714476,campaign,5.614285714285714,0.0,0.0,0.0,5.332719226466489,30.269105994914348,308.4182470142752,327.78998944059975,5.332719226466489,30,0.0
total/google/SEARCH/google::21700991485,0.0,0.0,0.0,66.1797238550506,822.7417121787073,1270.4965483636995,1395.4982122520282,66.1797238550506,66.17972385505104,campaign,12.5953875,0.0,0.0,0.0,5.254282478808262,65.32087338946161,100.86998501345826,110.7943850280135,5.254282478808262,30,0.0
total/google/SEARCH/google::21885723757,17394.025913539193,19565.15858776677,20363.288698994365,20363.288698994365,20363.288698994365,20363.288698994365,20363.288698994365,20363.288698994365,20363.28869899437,campaign,5378.364972857143,3.23407318047793,3.6377521210452914,3.786148541752234,3.786148541752234,3.786148541752234,3.786148541752234,3.786148541752234,3.786148541752234,30,0.0
total/google/SEARCH/google::22866636855,3742.0398637932085,4811.651680183284,8480.719307323161,16484.80309940544,77514.91313242567,133373.48687960434,140990.72509995586,16484.80309940544,16484.803099405464,campaign,2342.898444642857,1.59718398053042,2.0537175613332033,3.6197554045565687,7.036072407277697,33.08505040398444,56.92670426435633,60.17790716551863,7.036072407277697,30,0.0
total/google/SEARCH/google::23078147752,0.0,0.0,0.0,20.995167548570883,549.4525491489767,726.5402543889315,755.2825632857171,20.995167548570883,20.995167548570876,campaign,27.20472428571429,0.0,0.0,0.0,0.7717471174517965,20.19695341803205,26.706400210438872,27.762919239814906,0.7717471174517965,30,0.0
total/google/SEARCH/google::9988712287,8844.355509964884,15373.721981208411,22349.016640130307,27942.871622090683,49274.881662639935,66298.07161848406,70941.03077271345,27942.871622090683,27942.871622090744,campaign,4967.621844642857,1.7804003176092689,3.094785082682495,4.4989367828454485,5.624999747560216,9.919209473599237,13.346038344279506,14.280682586420525,5.624999747560216,30,0.0
total/google/SHOPPING/google::22946407106,33053.77341220916,35259.964834286766,39692.86048718708,47062.03058684171,107715.67968936262,254728.85223134764,291462.7111866953,47062.03058684171,47062.03058684168,campaign,10588.017857142868,3.121809375294025,3.330176177451359,3.748847142377037,4.444838611137477,10.173356443358818,24.0582189856719,27.527599133209748,4.444838611137477,30,0.0
total/google/VIDEO/google::21956274883,0.0,0.0,0.0,32.434774890954806,900.4022371598841,1003.7089760570685,1011.2555654904786,32.434774890954806,32.434774890955055,campaign,32.8885971428572,0.0,0.0,0.0,0.9862012280447493,27.377337903737097,30.518449044733902,30.747908191338126,0.9862012280447493,30,0.0
total/google/VIDEO/google::22719291493,0.0,0.0,0.0,658.9455010074238,839.0786874505053,850.1490870920769,856.7987478809554,658.9455010074238,658.9455010074217,campaign,1202.7685114285716,0.0,0.0,0.0,0.5478572931916637,0.6976227590576853,0.706826857382826,0.7123554863132429,0.5478572931916637,30,0.0
total/meta/brand/meta::120228073930760533,0.0,0.0,0.0,2817.516926049012,4173.801745411749,4411.210966198413,4418.60750221463,2817.516926049012,2817.516926049012,campaign,2541.964285714286,0.0,0.0,0.0,1.1084014601949046,1.6419592395016362,1.7353552097443705,1.7382649815526467,1.1084014601949046,30,0.0
total/meta/prospecting/meta::120214631839140533,0.0,0.0,1060.895824614926,3927.1169391955136,6909.930558656923,9074.09924719857,12897.424239438928,3927.1169391955136,3927.116939195533,campaign,279.9964275,0.0,0.0,3.7889620024345705,14.025596591569062,24.678638296757995,32.40791080164254,46.062817138761275,14.025596591569062,30,0.0
total/meta/prospecting/meta::120214873996970533,3907.2930768918814,6214.639348005301,9254.535628593268,13961.184935670432,23211.54940834891,43471.29799490901,53362.9732251529,13961.184935670432,13961.184935670442,campaign,2573.5499989285713,1.51825030736476,2.4148119720202055,3.596019363309882,5.42487417826846,9.019272762531296,16.891569238214576,20.735160866262223,5.42487417826846,30,0.0
total/meta/prospecting/meta::120216797384630533,0.0,0.0,1080.1611137704363,3279.0672177224747,4880.169190642448,6338.67992904934,6776.482600655898,3279.0672177224747,3279.0672177224737,campaign,539.5392857142857,0.0,0.0,2.002006419866964,6.07753189534916,9.04506737480976,11.748319532761517,12.559757519203893,6.07753189534916,30,0.0
total/meta/prospecting/meta::120216797418540533,437.8287073775423,962.6387202462952,2487.7541622406966,3791.763055479248,4895.53885619651,5684.576577117921,5830.314959854266,3791.763055479248,3791.763055479248,campaign,576.4607132142858,0.7595117886460195,1.669912100130329,4.315565840331486,6.577660833704983,8.492406757261024,9.861169107988827,10.113984919015605,6.577660833704983,30,0.0
total/meta/prospecting/meta::120235053527040533,730.4285794218531,3939.1277880941598,8648.288194337121,13742.769152450424,16708.99796965506,23367.841302091576,24960.033724099572,13742.769152450424,13742.769152450424,campaign,2439.1178571428577,0.299464241665413,1.6149805047585477,3.5456622848342323,5.634319437334806,6.850426649423044,9.580447797411592,10.233221675207341,5.634319437334806,30,0.0
total/meta/remarketing/meta::120214632085450533,0.0,0.0,2169.087951672822,4118.274096971103,7003.0073401102345,8687.629717918357,12131.997386806379,4118.274096971103,4118.274096971109,campaign,356.8500010714286,0.0,0.0,6.078430559507405,11.54063075411557,19.624512593762002,24.345326304705274,33.997470506881086,11.54063075411557,30,0.0
total/meta/remarketing/meta::120214824667330533,6883.039574000815,10025.199597453284,14576.315272523054,18578.430331226707,31433.829162131187,59197.295268961236,72442.66561525539,18578.430331226707,18578.430331226707,campaign,661.0714285714286,10.411945330741373,15.165077727103833,22.049531476534064,28.103514277382377,47.54982261154367,89.54750229772634,109.5837189209698,28.103514277382377,30,0.0
total/meta/remarketing/meta::120215116515630533,0.0,0.0,1770.7325425799145,3829.8240994150356,5593.358704807535,9021.534507033623,15475.771999791341,3829.8240994150356,3829.8240994150483,campaign,280.78928357142854,0.0,0.0,6.306268245203407,13.639495249614063,19.920128837056097,32.129198067271254,55.11525156142413,13.639495249614063,30,0.0
total/meta/remarketing/meta::120231960742960533,8867.045545748762,9194.101463029609,9677.843150048908,12990.535051225728,17979.680896525846,20939.760953545694,22572.964462020347,12990.535051225728,12990.535051225726,campaign,2525.453574642857,3.511070500277447,3.6405743330006826,3.8321207909820805,5.1438423504034585,7.119386821065791,8.291485206378002,8.938182308582947,5.1438423504034585,30,0.0
total,718423.474458809,735336.6637311501,769960.4164223254,860734.0212352015,1027903.0184757679,1163398.2587631864,1178659.6532877057,860734.0212352015,860734.0212352006,total,180964.33848857146,3.9699726501869868,4.0634340990757645,4.254763247019253,4.756373705582661,5.6801413309434095,6.428881339163181,6.513215051827143,4.756373705582661,60,0.0
total/bing,0.0,0.0,4212.452673484368,13671.998252150122,13671.998252150122,13671.998252150122,13822.61795369607,13671.998252150122,13671.998252150082,channel,2107.992857142857,0.0,0.0,1.9983239787604714,6.485789648585884,6.485789648585884,6.485789648585884,6.557241362018203,6.485789648585884,60,0.0
total/google,611950.8128236457,629776.2356541042,657476.7734854188,714748.9546492576,817556.4182188631,885313.5640481283,957827.5346071484,714748.9546492576,714748.9546492568,channel,158184.99563357144,3.8685768544141994,3.9812640455037407,4.156378870524703,4.51843711084294,5.168356296653423,5.59669746490317,6.0551099095764656,4.51843711084294,60,0.0
total/meta,82870.22116355677,88896.21817867403,104938.95904835867,132313.06833379378,196521.39859972429,268219.7845680432,274995.755737431,132313.06833379378,132313.06833379378,channel,20671.34999785714,4.008940933811646,4.30045537363981,5.076541157652353,6.40079473994247,9.506945536701586,12.97543627270825,13.303231562812199,6.40079473994247,60,0.0
total/bing/Search,0.0,2017.1956838931183,9802.493966627202,13671.998252150122,16471.076984727086,18508.5428745744,19412.65924683891,13671.998252150122,13671.998252150082,campaign_type,2107.992857142857,0.0,0.9569271912179039,4.650155209687647,6.485789648585884,7.813630358810488,8.780173429838188,9.20907259294538,6.485789648585884,60,0.0
total/google/DEMAND_GEN,5292.170444006354,5356.360951931233,5438.645476358956,6117.592608772283,6566.544384155858,6814.637993505315,7351.330611487322,6117.592608772283,6117.592608772282,campaign_type,1585.9792499999999,3.3368472153758346,3.3773209529262336,3.429203425176563,3.857296751374448,4.140372192231304,4.296801483061847,4.635199742674643,3.857296751374448,60,0.0
total/google/PERFORMANCE_MAX,349008.0744724643,365495.1266893846,403322.4641425791,419866.04481073504,489641.0421492444,544127.4984963819,556296.4619890777,419866.04481073504,419866.0448107348,campaign_type,93091.14766285714,3.749100566859985,3.926207119210489,4.332554429377849,4.5102682193943915,5.259802402721999,5.845104633009974,5.975825585519524,4.5102682193943915,60,0.0
total/google/SEARCH,134185.5205128251,143225.1102079788,163521.47644386935,190657.97243579812,230272.04956095212,242970.22774066316,287926.9605655309,190657.97243579812,190657.972435798,campaign_type,39860.518789285714,3.3663766701624924,3.5931572031239325,4.10234190147628,4.7831282237863375,5.776945623267903,6.095510924608743,7.223362096404126,4.7831282237863375,60,0.0
total/google/SHOPPING,0.0,0.0,43827.709216464486,96067.27243128605,193322.14294009662,248896.18381986802,261087.14957318973,96067.27243128605,96067.27243128578,campaign_type,21176.035714285736,0.0,0.0,2.069684326556813,4.5366032494211055,9.12928867085722,11.753672272660467,12.32936858890239,4.5366032494211055,60,0.0
total/google/VIDEO,0.0,0.0,1447.0038012829882,2040.0723626658855,5858.287396593462,6090.845676358557,6152.184424606224,2040.0723626658855,2040.0723626658923,campaign_type,2471.3142171428576,0.0,0.0,0.5855199598843008,0.8255010020637762,2.370514989941814,2.4646180700567983,2.489438365194574,0.8255010020637762,60,0.0
total/meta/brand,4832.228021171847,4885.026443576981,5371.712163896512,5658.252332669382,7248.499041986405,7459.857381991439,7574.319024737246,5658.252332669382,5658.25233266938,campaign_type,5083.928571428572,0.9504909349688213,0.9608762937840216,1.056606537331242,1.112968495361733,1.4257672860949726,1.4673411078030227,1.489855515930052,1.112968495361733,60,0.0
total/meta/prospecting,10642.028146228156,14443.578133093943,20660.087326023324,49833.165680030266,63199.44831012066,93007.90605719117,95682.15372201003,49833.165680030266,49833.16568003027,campaign_type,7939.092850714285,1.3404589600272387,1.8192983007869021,2.602323428446176,6.276934483206951,7.960537746379243,11.71518053839403,12.052026033856178,6.276934483206951,60,0.0
total/meta/remarketing,37948.35954787374,40937.01063890608,49025.323361897594,76821.65032109412,102006.76037785655,139636.13408381748,145948.95973596256,76821.65032109412,76821.65032109412,campaign_type,7648.328575714286,4.961653931601612,5.352412652470665,6.4099394889450165,10.04424032788362,13.337131030400329,18.25707835398229,19.08246465762387,10.04424032788362,60,0.0
total/bing/Search/bing::566560838,9836.920469865283,10124.641456256722,11985.36512454798,13003.647755402195,15049.837254069187,16773.538151312077,17460.046243386423,13003.647755402195,13003.647755402188,campaign,2107.992857142857,4.666486623298194,4.802977117284693,5.685676345598615,6.168734258913549,7.139415678318531,7.957113371838788,8.282782450720216,6.168734258913549,60,0.0
total/bing/Search/bing::569378946,0.0,0.0,0.0,668.350496747928,3094.1522464355826,3979.7706807638015,4386.657508595401,668.350496747928,668.3504967478949,campaign,0.0,,,,,,,,,60,0.0
total/google/DEMAND_GEN/google::22819091664,2277.3491882853077,2460.315064860025,2785.5503062513226,3381.692970660294,3897.1428523297227,4460.358574579038,4967.870019010102,3381.692970660294,3381.692970660293,campaign,872.3052214285714,2.6107251594295176,2.8204749947853975,3.1933206838879586,3.8767313178775966,4.46763673608119,5.11330032769301,5.695105218875381,3.8767313178775966,60,0.0
total/google/DEMAND_GEN/google::22819175439,2362.2844290296,2384.817462041481,2500.912243875342,2735.8996381119887,2988.51908179203,3200.322804064903,3600.608948680023,2735.8996381119887,2735.8996381119887,campaign,713.6740285714286,3.3100327803131884,3.341606064627578,3.504278064989213,3.8335423857142144,4.1875127329128,4.4842920940685405,5.045173012513027,3.8335423857142144,60,0.0
total/google/PERFORMANCE_MAX/google::18253990962,0.0,9768.482057751382,11564.59352054976,15932.520756610777,23401.826683603293,26788.588452329088,27445.204253347045,15932.520756610777,15932.520756610695,campaign,2027.2158985714284,0.0,4.818668827841768,5.704667928413193,7.859311269134365,11.54382554916547,13.214472356499822,13.538372638399087,7.859311269134365,60,0.0
total/google/PERFORMANCE_MAX/google::18259733009,0.0,0.0,0.0,907.266335030854,3948.610877564557,5271.111780558909,5401.064105137115,907.266335030854,907.2663350308543,campaign,143.54960785714286,0.0,0.0,0.0,6.320228585603269,27.5069429760764,36.71979226724599,37.625070425215824,6.320228585603269,60,0.0
total/google/PERFORMANCE_MAX/google::21263646438,0.0,0.0,3047.957593163719,4931.073877190907,6244.499489741684,6929.394278098347,7148.27120414257,4931.073877190907,4931.0738771908955,campaign,1281.7283957142859,0.0,0.0,2.378005826628459,3.8472065483443565,4.871936605774992,5.406289118090975,5.577056128306308,3.8472065483443565,60,0.0
total/google/PERFORMANCE_MAX/google::21269832716,0.0,28.160565609843616,1037.1143098376233,2876.3201449968774,3951.3005364403098,8675.236778142867,10030.110321803633,2876.3201449968774,2876.320144996877,campaign,332.8123007142857,0.0,0.08461395672397047,3.1162138767460106,8.642469460484739,11.872459425207488,26.06645475399789,30.13743873131159,8.642469460484739,60,0.0
total/google/PERFORMANCE_MAX/google::21551974931,56703.189650467466,57671.9621288927,58894.23340403435,59911.43451986146,62576.31288101222,63981.59267698872,64474.083251961834,59911.43451986146,59911.43451986146,campaign,15522.796487142858,3.6528978330311355,3.7153074947971483,3.7940478993469355,3.85957740085587,4.031252547364298,4.121782613718029,4.153509537109766,3.85957740085587,60,0.0
total/google/PERFORMANCE_MAX/google::21555598453,5908.5197553632315,6577.275028782383,8405.665398075653,12967.974795402515,18468.17555624944,20874.31016877673,21469.954025989286,12967.974795402515,12967.974795402519,campaign,2282.9963914285718,2.588054793930712,2.880983541400471,3.6818566291363504,5.680243229507639,8.089445793951993,9.143382901150689,9.404287324586871,5.680243229507639,60,0.0
total/google/PERFORMANCE_MAX/google::21560212684,13981.287416722325,15044.629608790668,18016.318947423326,20250.31391445048,22498.00305599636,25911.677830723234,27477.333034455805,20250.31391445048,20250.31391445047,campaign,4848.621102857143,2.8835594945712675,3.102867658585516,3.7157613608551228,4.17650987463582,4.640082732539975,5.344133369269518,5.667040680548179,4.17650987463582,60,0.0
total/google/PERFORMANCE_MAX/google::21560247115,0.0,0.0,494.3394963426183,1330.3809016563807,2388.126742353631,2723.1189085810374,2755.061207345878,1330.3809016563807,1330.3809016563812,campaign,324.88628571428575,0.0,0.0,1.5215769888709754,4.094912466777239,7.3506542053727,8.381760105983131,8.480078502817312,4.094912466777239,60,0.0
total/google/PERFORMANCE_MAX/google::21638781593,228.20608619747418,1083.7087360100904,2754.6129601786906,4083.945831680501,5029.018488116391,6709.088710440399,9484.559585904237,4083.945831680501,4083.9458316804967,campaign,840.91422,0.27137855535071603,1.288726852555889,3.275735972426166,4.856554609910749,5.980417940983792,7.978327100284258,11.27886692878643,4.856554609910749,60,0.0
total/google/PERFORMANCE_MAX/google::21663737223,12427.756658037555,14741.392824723633,15785.74231755242,16802.71562491938,19034.122952116457,20270.365849446323,26039.88948779748,16802.71562491938,16802.715624919376,campaign,4085.981770714286,3.0415594966947226,3.6077970123069427,3.863390294762097,4.11228355088379,4.658396444286884,4.960953569282024,6.372982296307541,4.11228355088379,60,0.0
total/google/PERFORMANCE_MAX/google::21776623830,2210.9002462034377,2641.193578473197,4006.004881784512,4928.684747782014,6497.242381504062,7680.408182081448,8661.964309920804,4928.684747782014,4928.684747782014,campaign,1210.2499221428573,1.8268129629695313,2.1823538511754035,3.3100641516187967,4.07245202631811,5.368512951440728,6.34613400220889,7.15716989643264,4.07245202631811,60,0.0
total/google/PERFORMANCE_MAX/google::21777702230,15849.150875425796,16556.298147220445,17862.717843502207,19120.530470691538,20325.40497626705,21286.423302811276,23154.39290306334,19120.530470691538,19120.530470691538,campaign,4815.130510714286,3.2915309024665875,3.438390322002809,3.709705854027291,3.9709267335840415,4.221153493356079,4.420736521148542,4.808674001990565,3.9709267335840415,60,0.0
total/google/PERFORMANCE_MAX/google::21783084650,0.0,0.0,3768.5917777585146,5589.193631952907,7666.295018433197,8450.633107990117,8629.595731888676,5589.193631952907,5589.1936319529095,campaign,1276.3203321428573,0.0,0.0,2.9527005743388095,4.379146434632927,6.006560285349365,6.621091034256318,6.761308673505307,4.379146434632927,60,0.0
total/google/PERFORMANCE_MAX/google::21784340082,4963.422980841532,5786.61905915392,8036.71845827443,9635.267684730261,11096.574949652493,12419.725444685902,13248.207020291948,9635.267684730261,9635.267684730261,campaign,1209.0192642857146,4.105329937628338,4.786209144957371,6.647303889754397,7.969490618846964,9.17816223235146,10.272562077018222,10.95781300732123,7.969490618846964,60,0.0
total/google/PERFORMANCE_MAX/google::21784340304,0.0,0.0,0.0,4114.481503846454,13988.985819494366,16273.767881032873,21848.81789963871,4114.481503846454,4114.48150384644,campaign,570.0266785714286,0.0,0.0,0.0,7.218050765900912,24.540931758760554,28.54913373847229,38.32946548115096,7.218050765900912,60,0.0
total/google/PERFORMANCE_MAX/google::21794370952,37534.21338090898,38359.7712647382,39222.15451266349,40293.23976074754,42046.938783848454,43071.09062813254,43494.15936964852,40293.23976074754,40293.23976074755,campaign,11089.735718571428,3.3845904296936764,3.4590338524027224,3.536797946138617,3.633381424344537,3.791518558321867,3.8838698884413922,3.922019466776924,3.633381424344537,60,0.0
total/google/PERFORMANCE_MAX/google::21802413975,9381.174850611978,9813.269707696918,10784.644871093551,12512.474820618136,14002.957806254679,15435.323107643662,16539.669731823575,12512.474820618136,12512.474820618121,campaign,1434.0641335714288,6.541670369545376,6.842978272706471,7.520336516774327,8.72518496746499,9.764526898376133,10.763342270615995,11.53342402520923,8.72518496746499,60,0.0
total/google/PERFORMANCE_MAX/google::21802413978,4911.203405556162,14392.912337263691,15880.851628808392,16697.080475071474,18249.835167307472,20184.940892844243,20580.830303741597,16697.080475071474,16697.08047507142,campaign,3924.054010714286,1.2515636614956243,3.667868051246263,4.047052253982009,4.255058780914217,4.650760442511213,5.143899864204475,5.244787724008752,4.255058780914217,60,0.0
total/google/PERFORMANCE_MAX/google::21808837082,26475.743282899628,28415.88286140001,30117.451803262276,36737.60138914289,50498.499309761944,56140.90268338633,56533.70521306297,36737.60138914289,36737.60138914286,campaign,5554.460127857143,4.766573649546336,5.115867646413835,5.422210459701563,6.614072392903449,9.091522514762165,10.107355420884973,10.178073820267592,6.614072392903449,60,0.0
total/google/PERFORMANCE_MAX/google::21812740018,0.0,0.0,0.0,4226.568615848167,12847.356273328529,14341.224297224318,15042.238812588355,4226.568615848167,4226.56861584815,campaign,493.71108428571426,0.0,0.0,0.0,8.560813703348455,26.02201304010762,29.047807014446015,30.46769515890249,8.560813703348455,60,0.0
total/google/PERFORMANCE_MAX/google::22094147466,0.0,0.0,1384.5245583524174,8626.17590899837,19185.456170098965,20304.42528138784,20580.94545663726,8626.17590899837,8626.175908998364,campaign,603.4277357142857,0.0,0.0,2.294433080232112,14.295292374632806,31.794123860397097,33.64847864898555,34.106727680117835,14.295292374632806,60,0.0
total/google/PERFORMANCE_MAX/google::22104151159,0.0,0.0,4299.269371276438,8082.24002559053,15666.371948776858,19922.31092642189,20456.26008617852,8082.24002559053,8082.240025590526,campaign,514.6366628571428,0.0,0.0,8.353989681589912,15.704749795165812,30.441616541271685,38.71141013509971,39.74893660434166,15.704749795165812,60,0.0
total/google/PERFORMANCE_MAX/google::22211017645,2682.5100292527336,2801.528447330945,3129.283373556248,5446.919526073722,7903.40085968001,8512.02877006174,8593.806812256476,5446.919526073722,5446.919526073723,campaign,1292.0351378571427,2.076189687613072,2.168306700990591,2.4219800854226037,4.215767332076982,6.117016966572523,6.588078389399727,6.651372366319246,4.215767332076982,60,0.0
total/google/PERFORMANCE_MAX/google::22211017651,0.0,0.0,369.04609529349614,1055.7791366444465,1519.800113872238,1780.2565573918066,2094.983062149043,1055.7791366444465,1055.7791366444462,campaign,367.88032928571425,0.0,0.0,1.0031688729050705,2.8698983136564378,4.1312350590288975,4.839227367357199,5.694740640840229,2.8698983136564378,60,0.0
total/google/PERFORMANCE_MAX/google::22211017654,9674.057860109511,9930.674930986923,11858.76066922557,13185.495662090074,13662.553071802044,14073.912131026966,17967.525902288413,13185.495662090074,13185.495662090052,campaign,3999.7844785714283,2.418644782472059,2.482802507032525,2.96484991447866,3.2965515348965586,3.4158223136767085,3.5186676198247646,4.492123512791302,3.2965515348965586,60,0.0
total/google/PERFORMANCE_MAX/google::22227081821,0.0,345.79954945530017,1067.1219134096657,2075.9700271391116,2542.784644747082,2777.7487014165417,2911.279103169846,2075.9700271391116,2075.970027139112,campaign,503.8324907142857,0.0,0.686338328369928,2.1180093246801173,4.120357589872775,5.046885009623266,5.513238531874977,5.778267890271451,4.120357589872775,60,0.0
total/google/PERFORMANCE_MAX/google::22496284541,11279.079531433052,11815.264012197136,14041.162422076472,14745.372979575066,15418.405543684808,15715.96758524709,15797.185479908563,14745.372979575066,14745.372979575066,campaign,3132.876992142857,3.6002305739167473,3.7713782066226647,4.481874793453813,4.706655580974271,4.921484495673981,5.016464937711302,5.042389318038128,4.706655580974271,60,0.0
total/google/PERFORMANCE_MAX/google::22496284928,4901.182204960125,6682.232164403369,19107.538693169074,22202.43237028729,23152.593842324874,24220.436093950808,24962.05938419026,22202.43237028729,22202.432370287235,campaign,6442.747785,0.7607285537967284,1.0371711554441005,2.9657437060713803,3.44611229729945,3.5935899735558055,3.7593332693141903,3.8744430508838024,3.44611229729945,60,0.0
total/google/PERFORMANCE_MAX/google::22635965025,3571.805934046876,4869.886721849305,6133.1944710835,7315.1419382457225,9007.447504970221,9398.852307004221,9753.82498038286,7315.1419382457225,7315.141938245722,campaign,777.308957142857,4.5950916958112895,6.2650593140589494,7.890291774878282,9.410855067377431,11.587988819887991,12.09152708281073,12.548195785926422,9.410855067377431,60,0.0
total/google/PERFORMANCE_MAX/google::22645714681,0.0,0.0,0.0,21450.305329626546,25997.328317339077,31395.959338702563,34140.50674736045,21450.305329626546,21450.30532962653,campaign,4755.169150714285,0.0,0.0,0.0,4.510944752912616,5.467172143273591,6.60249054105394,7.179661893254023,4.510944752912616,60,0.0
total/google/PERFORMANCE_MAX/google::22739335904,0.0,944.4260210478715,3354.5016251438506,4355.254051989518,5053.464529426618,5996.385069461357,6609.181360680368,4355.254051989518,4355.254051989521,campaign,515.3397685714285,0.0,1.8326278673697383,6.509300911208254,8.451228330510379,9.80608297208521,11.635789502688516,12.824900703863115,8.451228330510379,60,0.0
total/google/PERFORMANCE_MAX/google::23069675969,1042.079756394114,3657.169302480053,7699.672741934208,11140.823896889096,14314.619272443375,22224.039302216574,27998.93067777628,11140.823896889096,11140.823896889098,campaign,2994.0835778571427,0.3480463151065167,1.2214653356796001,2.571629195282799,3.7209461951167553,4.780968500113917,7.422651614195171,9.351419207146861,3.7209461951167553,60,0.0
total/google/PERFORMANCE_MAX/google::23069675972,0.0,0.0,3928.798100822832,6335.064155354027,10820.147932682066,21429.107403068083,27582.659389422846,6335.064155354027,6335.064155354029,campaign,3923.750352857143,0.0,0.0,1.0012864600221096,1.6145431247278632,2.757603557729711,5.461384001523983,7.029667259370384,1.6145431247278632,60,0.0
total/google/SEARCH/google::21567626631,24252.149911642962,25181.0574758218,32885.581246099435,36135.4558832938,41884.35363140773,45877.98556373919,50396.30975400318,36135.4558832938,36135.45588329376,campaign,6935.422688571429,3.496852463168105,3.630789153964117,4.741683776576459,5.2102744859141445,6.0391926364383055,6.615023715762769,7.266508764786463,5.2102744859141445,60,0.0
total/google/SEARCH/google::21577977814,25045.09048298956,25673.22029848821,27241.860134193386,28938.356778290836,31061.577352537028,33094.609274935865,40917.561974648765,28938.356778290836,28938.356778290774,campaign,6058.301014285715,4.134012229490122,4.237693082260148,4.496617132419798,4.776645582656431,5.127110270568035,5.462688168992835,6.753966479738053,4.776645582656431,60,0.0
total/google/SEARCH/google::21587818996,4018.5344151661166,5401.24458205173,7431.362283808938,8611.728643243363,11155.320881284864,14432.040846039878,15198.93631064906,8611.728643243363,8611.72864324339,campaign,1398.195767142857,2.8740856678301854,3.8630102514820956,5.3149655137309955,6.159172303060965,7.978368368315263,10.321902830195967,10.870392163829337,6.159172303060965,60,0.0
total/google/SEARCH/google::21697189844,0.0,0.0,0.0,44.51320272529855,869.394435603414,1522.2287020986896,1876.5382343034048,44.51320272529855,44.51320272529626,campaign,11.228571428571428,0.0,0.0,0.0,3.9642801409298962,77.42698535908268,135.5674416627332,167.12172570132105,3.9642801409298962,60,0.0
total/google/SEARCH/google::21700991485,0.0,0.0,0.0,142.7368649512278,1885.9911005841234,2276.707535482354,2746.6439406507775,142.7368649512278,142.73686495122763,campaign,25.190775,0.0,0.0,0.0,5.666235554532475,74.86832384411053,90.37862215363975,109.03372129879996,5.666235554532475,60,0.0
total/google/SEARCH/google::21885723757,32497.220003047332,33053.92151557079,36854.26854686455,36909.956735622945,36957.69635473095,37005.60702480192,37010.629722101374,36909.956735622945,36909.956735622945,campaign,10756.729945714285,3.021105872049426,3.072859659244322,3.426159133199034,3.4313361887762808,3.435774305132174,3.4402283232503903,3.440695258585274,3.4313361887762808,60,0.0
total/google/SEARCH/google::22866636855,0.0,0.0,0.0,29261.43679653386,52416.7317234637,73806.77073496937,79126.37678158372,29261.43679653386,29261.436796533806,campaign,4685.796889285714,0.0,0.0,0.0,6.244708741738562,11.186300422734268,15.75116729957542,16.886429064501225,6.244708741738562,60,0.0
total/google/SEARCH/google::23078147752,0.0,0.0,0.0,119.29429934728589,2085.107507919893,6006.842020578066,8366.16070081852,119.29429934728589,119.29429934728589,campaign,54.40944857142858,0.0,0.0,0.0,2.192529100725523,38.322526007271875,110.40071491796687,153.7630121326344,2.192529100725523,60,0.0
total/google/SEARCH/google::9988712287,7036.82837267514,16071.813929250733,19970.561238533362,50494.4932317895,76513.47102797675,88159.92301310223,92748.28340290269,50494.4932317895,50494.49323178951,campaign,9935.243689285713,0.7082693281357296,1.6176567411811722,2.010072612518791,5.082360816800435,7.701217345125595,8.873453512587211,9.335280170623651,5.082360816800435,60,0.0
total/google/SHOPPING/google::22946407106,0.0,0.0,43827.709216464486,96067.27243128605,193322.14294009662,248896.18381986802,261087.14957318973,96067.27243128605,96067.27243128578,campaign,21176.035714285736,0.0,0.0,2.069684326556813,4.5366032494211055,9.12928867085722,11.753672272660467,12.32936858890239,4.5366032494211055,60,0.0
total/google/VIDEO/google::21956274883,0.0,0.0,60.689232667539216,299.5853442454085,1625.696026504284,2005.3780520724727,2073.252212019523,299.5853442454085,299.5853442454089,campaign,65.7771942857144,0.0,0.0,0.9226485459979524,4.554547324474023,24.71519261589051,30.487436775758066,31.51931660408014,4.554547324474023,60,0.0
total/google/VIDEO/google::22719291493,0.0,0.0,0.0,1740.487018420477,4684.710560425556,4724.98267692282,4801.659230671836,1740.487018420477,1740.4870184204835,campaign,2405.5370228571433,0.0,0.0,0.0,0.7235336649914611,1.9474697399840288,1.9642111645036282,1.9960861899222535,0.7235336649914611,60,0.0
total/meta/brand/meta::120228073930760533,4832.228021171847,4885.026443576981,5371.712163896512,5658.252332669382,7248.499041986405,7459.857381991439,7574.319024737246,5658.252332669382,5658.25233266938,campaign,5083.928571428572,0.9504909349688213,0.9608762937840216,1.056606537331242,1.112968495361733,1.4257672860949726,1.4673411078030227,1.489855515930052,1.112968495361733,60,0.0
total/meta/prospecting/meta::120214631839140533,0.0,0.0,0.0,8178.065113724087,11819.922476845117,14730.447095901807,15697.55674805999,8178.065113724087,8178.065113724092,campaign,559.992855,0.0,0.0,0.0,14.603874032864379,21.107273729135557,26.304705433968095,28.031708990394154,14.603874032864379,60,0.0
total/meta/prospecting/meta::120214873996970533,2479.5940023614203,3336.259763524835,5922.104856693466,26326.914293482423,42790.972640486696,67344.37427216924,70099.17052874928,26326.914293482423,26326.914293482423,campaign,5147.099997857143,0.4817458381212203,0.6481824260095582,1.1505711680672566,5.114902431358033,8.313608179033158,13.083945192478534,13.619158469416409,5.114902431358033,60,0.0
total/meta/prospecting/meta::120216797384630533,1324.7236845135185,1699.4721085873116,2515.1351203737986,7139.801331171085,8565.224455440602,9350.000958475333,10155.038288514133,7139.801331171085,7139.801331171082,campaign,1079.0785714285714,1.2276433983484096,1.574928975132379,2.3308174093792444,6.616572249895426,7.937535488357688,8.664800882939456,9.410842321769094,6.616572249895426,60,0.0
total/meta/prospecting/meta::120216797418540533,2076.8773147568327,2343.731276416788,3444.4242372391045,8188.384941652675,10030.917362880286,11083.78448425592,11650.925121098733,8188.384941652675,8188.384941652679,campaign,1152.9214264285715,1.801404039467302,2.0328629711367348,2.987561995364219,7.102292275908171,8.700434507452313,9.613651225643702,10.105567347455796,7.102292275908171,60,0.0
total/meta/remarketing/meta::120214632085450533,1589.6576304306345,2094.8307216723842,4935.062330592449,10970.737374788807,13957.939383219742,16451.060035627295,21719.409723820823,10970.737374788807,10970.737374788789,campaign,713.7000021428572,2.2273471005432923,2.9351698408052886,6.914757343106503,15.371637020946594,19.557151942428973,23.050385296670324,30.432127866903627,15.371637020946594,60,0.0
total/meta/remarketing/meta::120214824667330533,3130.5806714676073,6232.602001778512,10903.149985694305,32692.977816369676,51992.19483672494,83432.68523872244,87332.03480024412,32692.977816369676,32692.977816369686,campaign,1322.142857142857,2.3678081793920316,4.714015560502387,8.24657481359915,24.727265771430332,39.324188423238745,63.10413794392837,66.05340287430674,24.727265771430332,60,0.0
total/meta/remarketing/meta::120215116515630533,4954.902926645463,5757.855580172539,6830.219345261221,8940.893896092975,12327.72210179573,13958.511670093456,15776.100723456893,8940.893896092975,8940.893896092968,campaign,561.5785671428571,8.823169573323495,10.252983139058845,12.162535653757805,15.921002721990542,21.951909889502147,24.855848294051118,28.092419558889063,15.921002721990542,60,0.0
total/meta/remarketing/meta::120231960742960533,18116.71926566158,18976.11880872389,22425.34357454995,24217.04123384267,25977.043575488933,28387.62583781174,29672.87019221042,24217.04123384267,24217.04123384267,campaign,5050.907149285714,3.5868248475372586,3.756972410670318,4.439864545465121,4.794592440145604,5.143045161533515,5.62030245236764,5.874760575712955,4.794592440145604,60,0.0
total,907722.4065459917,915011.6639813018,971121.7111436395,983425.1879761686,1321440.928792391,1421010.2196711437,1446890.9503281964,983425.1879761686,983425.1879761689,total,200134.19032392855,4.535568885440271,4.571990735317656,4.852352861706557,4.913828998355749,6.602774501715893,7.100287149193039,7.229604037102912,4.913828998355749,90,0.0
total/bing,17127.843489802028,17577.939893133713,18818.156155167897,18818.156155167897,31985.261416779722,33109.8822022648,36937.14119523977,18818.156155167897,18818.156155167868,channel,3161.9892857142854,5.416793651763716,5.559139612695715,5.95136619854704,5.95136619854704,10.115550220643563,10.471218973401854,11.68161491315609,5.95136619854704,90,0.0
total/google,738043.4517324566,763037.6818112241,800111.0468108015,818714.2565773331,1018308.2397267233,1081312.6218340928,1105329.728549127,818714.2565773331,818714.2565773336,channel,181167.4296225,4.073819743815561,4.2117817943389255,4.416417721871968,4.51910289991581,5.620812978627451,5.968581792473583,6.10115036048318,4.51910289991581,90,0.0
total/meta,107096.97197506152,111877.07835061604,145892.7752436676,145892.7752436676,293267.2532502468,312347.4995325305,317379.37238733895,145892.7752436676,145892.7752436676,channel,15804.771415714287,6.776243019154183,7.078690061874572,9.23093231823714,9.23093231823714,18.555614980844236,19.762860930843406,20.081237750251585,9.23093231823714,90,0.0
total/bing/Search,5375.999692895035,5825.958403357457,14060.092161366756,18818.156155167897,21778.12582268346,67547.28110468906,69746.28084315997,18818.156155167897,18818.156155167868,campaign_type,3161.9892857142854,1.700195417227864,1.8424978318803469,4.446597028297841,5.95136619854704,6.887476159731464,21.362273872926895,22.05772206701341,5.95136619854704,90,0.0
total/google/PERFORMANCE_MAX,404918.6119288791,456429.6112893254,502805.69493379036,583270.7315075104,707101.6556631539,1110941.0840356394,1356450.9621209698,583270.7315075104,583270.7315075108,campaign_type,128486.96094535715,3.1514373828258155,3.5523418713548334,3.9132818710501156,4.539532472525079,5.50329504613211,8.646333261069968,10.557109858780459,4.539532472525079,90,0.0
total/google/SEARCH,149612.17468296766,164999.16470974006,190275.67545123323,235443.52506982267,272252.2609070197,434825.201827909,441636.95787524653,235443.52506982267,235443.52506982285,campaign_type,52680.46867714286,2.839993235441388,3.1320747300285565,3.6118827381235987,4.469275444619906,5.167992383961938,8.254011643153282,8.38331489763046,4.469275444619906,90,0.0
total/meta/prospecting,32302.3663581961,35776.26053650268,59088.19417673286,78422.56785471956,117574.97465184797,128595.40548764465,131092.06672938087,78422.56785471956,78422.56785471956,campaign_type,11908.63927607143,2.7125153100491266,3.0042274106320064,4.961792259125814,6.585350856356661,9.873082215874714,10.798496999236281,11.008148260296213,6.585350856356661,90,0.0
total/meta/remarketing,10669.952209949326,13236.198204183049,42461.79814712134,67470.20738894804,111350.02727258917,121919.18614674776,122934.94486450584,67470.20738894804,67470.20738894802,campaign_type,3896.132139642857,2.738601214620867,3.3972662450294506,10.898449186329097,17.317227694215926,28.579633154535713,31.292364267173856,31.55307378146954,17.317227694215926,90,0.0
total/bing/Search/bing::566560838,13035.319175628607,13167.701658941656,14321.06256990257,18034.18935816302,26763.93434209595,75584.08502680167,77783.0847652726,18034.18935816302,18034.189358162992,campaign,3161.9892857142854,4.122505801813292,4.164372636691938,4.5291306439918815,5.70343152003728,8.464271040706592,23.903966205162966,24.599414399249486,5.70343152003728,90,0.0
total/bing/Search/bing::569378946,0.0,0.0,0.0,783.9667970048756,2587.322448596022,5180.772055356647,5568.290280248239,783.9667970048756,783.9667970048745,campaign,0.0,,,,,,,,,90,0.0
total/google/PERFORMANCE_MAX/google::18253990962,0.0,3612.649334542377,16064.600199248833,21717.41260917871,29363.358342507778,136222.50207144255,145290.22706204196,21717.41260917871,21717.412609178897,campaign,3040.8238478571425,0.0,1.1880495271333122,5.282976260058438,7.14195023972957,9.656382550143451,44.797893231282714,47.7798893758438,7.14195023972957,90,0.0
total/google/PERFORMANCE_MAX/google::18259733009,0.0,0.0,0.0,1331.368292886148,2718.0886268209892,3188.7502050151006,3597.622233895718,1331.368292886148,1331.3682928861533,campaign,215.3244117857143,0.0,0.0,0.0,6.183081062871283,12.62322559843315,14.80905104335531,16.70791622770569,6.183081062871283,90,0.0
total/google/PERFORMANCE_MAX/google::21263646438,0.0,0.0,2881.2129025047216,9059.632173513395,10878.164822035847,20547.1875154444,28197.16188460982,9059.632173513395,9059.632173513397,campaign,1922.5925935714288,0.0,0.0,1.4986081357738663,4.712195502992199,5.658070700162456,10.687229101031603,14.666217886666498,4.712195502992199,90,0.0
total/google/PERFORMANCE_MAX/google::21269832716,0.0,0.0,0.0,3331.8004296850086,16915.654403135886,22130.774842477873,31200.13848400476,3331.8004296850086,3331.8004296850445,campaign,499.2184510714286,0.0,0.0,0.0,6.674033026091601,33.88427324116588,44.33084313085892,62.49796740693909,6.674033026091601,90,0.0
total/google/PERFORMANCE_MAX/google::21551974931,79269.23647501608,79888.4966160687,80794.58609849957,81681.87272010873,84288.55989498283,87624.97078342093,89741.34811633322,81681.87272010873,81681.87272010873,campaign,23284.194730714287,3.404422501691745,3.4310182310358117,3.469932588732522,3.508039408911222,3.61999033549558,3.763281135414764,3.854174436960665,3.508039408911222,90,0.0
total/google/PERFORMANCE_MAX/google::21555598453,4307.9017931209855,6681.697312190921,11436.08822197446,19667.41837088134,24621.978407239585,29172.710713118373,31248.65644290979,19667.41837088134,19667.418370881347,campaign,3424.494587142857,1.2579671783669477,1.9511484518845834,3.3394966559184662,5.74315942700624,7.1899597971864,8.518836859210195,9.125041855879042,5.74315942700624,90,0.0
total/google/PERFORMANCE_MAX/google::21560212684,23620.107818423785,24072.166091794872,25405.157222411475,30190.31931435829,34153.560378866925,35377.14813878696,39659.03154325509,30190.31931435829,30190.31931435829,campaign,7272.931654285714,3.247673557403112,3.3098298232473953,3.4931109530557736,4.151052250926635,4.695982583411365,4.864221172481429,5.452963595482882,4.151052250926635,90,0.0
total/google/PERFORMANCE_MAX/google::21560247115,0.0,0.0,718.2272833511506,2695.798731218012,15719.885694122622,17376.879576760788,17745.20075842721,2695.798731218012,2695.7987312180107,campaign,487.3294285714286,0.0,0.0,1.4738024039643627,5.531779066001726,32.25720584985878,35.65735733977706,36.413152414057976,5.531779066001726,90,0.0
total/google/PERFORMANCE_MAX/google::21638781593,2204.4843933292877,2543.9428414247227,5596.422674991267,6638.287549368185,25781.820064784657,31003.5070308327,31578.404311573857,6638.287549368185,6638.287549368194,campaign,1261.3713300000002,1.7476886788994066,2.0168072485242887,4.436776500216844,5.262754425667962,20.439516462439855,24.579207005468167,25.03497864627528,5.262754425667962,90,0.0
total/google/PERFORMANCE_MAX/google::21663737223,5212.637567955426,9768.664252485994,16498.86587819692,22261.317179618112,23482.71077336239,43512.068613589,50141.25983137197,22261.317179618112,22261.3171796181,campaign,6128.972656071429,0.8504912422462398,1.59385019327979,2.6919464001610383,3.632144966019028,3.8314269113438044,7.099406549070741,8.18102195017977,3.632144966019028,90,0.0
total/google/PERFORMANCE_MAX/google::21776623830,0.0,976.7509574570067,5125.12271069859,8209.494538940144,26030.382027690102,28281.850656474897,28978.51424977126,8209.494538940144,8209.494538940155,campaign,1815.3748832142858,0.0,0.5380436660705478,2.8231759500958256,4.522203438445997,14.338846630730592,15.579069049583476,15.96282647607318,4.522203438445997,90,0.0
total/google/PERFORMANCE_MAX/google::21777702230,24541.885392050855,26376.45253484585,27082.18522650453,27759.25106264142,29623.876197967013,30719.79126366575,30957.32260885552,27759.25106264142,27759.251062641415,campaign,7222.695766071429,3.3978844169702147,3.6518847517777338,3.749595179368199,3.843336610277888,4.101498548107896,4.253230685414135,4.28611748459313,3.843336610277888,90,0.0
total/google/PERFORMANCE_MAX/google::21783084650,0.0,0.0,5760.536083396128,8852.018770637564,24828.464496622102,27176.145316282244,28178.491065161114,8852.018770637564,8852.018770637567,campaign,1914.480498214286,0.0,0.0,3.0089291004892527,4.623718433744403,12.968773784732006,14.195049435933425,14.718609613127082,4.623718433744403,90,0.0
total/google/PERFORMANCE_MAX/google::21784340082,1997.1523784741494,6466.270137221236,10493.80987974094,13298.595595899254,14275.390039206566,19118.379358984024,29011.299394326634,13298.595595899254,13298.595595899229,campaign,1813.5288964285717,1.1012520298999326,3.565573258830022,5.786403459248246,7.332993492460206,7.871608810490669,10.542086975638675,15.997153092768094,7.332993492460206,90,0.0
total/google/PERFORMANCE_MAX/google::21784340304,0.0,0.0,0.0,10766.77505695675,31051.457483771705,265109.3710640368,281398.6180869189,10766.77505695675,10766.775056956803,campaign,855.0400178571429,0.0,0.0,0.0,12.592129996371265,36.315794390058215,310.0549278716103,329.1057871094099,12.592129996371265,90,0.0
total/google/PERFORMANCE_MAX/google::21794370952,56169.81387180861,56488.670686847305,58474.56802350665,60733.15735317476,62127.68570239543,63352.62129300358,63762.45998485171,60733.15735317476,60733.157353174756,campaign,16634.603577857142,3.376684849080387,3.3958531336473325,3.5152366420889063,3.6510132068322103,3.7348461844378185,3.8084839831911776,3.8331217023847795,3.6510132068322103,90,0.0
total/google/PERFORMANCE_MAX/google::21802413975,6738.164357942102,9556.17647167068,13937.188895229981,16184.12365579505,17282.309918152583,18791.045298085504,24157.163845614057,16184.12365579505,16184.12365579503,campaign,2151.096200357143,3.132432829746701,4.442468202995331,6.479109996529218,7.5236633550410374,8.034187367019303,8.735567147097214,11.230164342070466,7.5236633550410374,90,0.0
total/google/PERFORMANCE_MAX/google::21802413978,21076.69268537688,21580.308901819753,22159.088894576562,22757.212152524746,24148.109465750997,27868.597384141874,28890.018986770774,22757.212152524746,22757.212152524746,campaign,5886.081016071429,3.580768363165375,3.6663288940292547,3.7646591737478823,3.866275725799249,4.102578506788591,4.734660856357415,4.908192549149273,3.866275725799249,90,0.0
total/google/PERFORMANCE_MAX/google::21808837082,31311.507621329783,34873.036445203885,39653.6049860293,53804.65530423535,66727.00860245091,137236.25842245365,222707.9415709556,53804.65530423535,53804.655304235486,campaign,8331.690191785714,3.7581219297136217,4.185589675380094,4.75937103675844,6.4578319723507995,8.008820187317772,16.47159883090181,26.73022357342635,6.4578319723507995,90,0.0
total/google/PERFORMANCE_MAX/google::21812740018,0.0,0.0,797.1635523156338,8175.869344469879,20979.902389333187,50046.86210260454,56299.228582655276,8175.869344469879,8175.869344469875,campaign,740.5666264285713,0.0,0.0,1.0764238136952033,11.040018619119413,28.329527203392992,67.57914860943525,76.02182784574268,11.040018619119413,90,0.0
total/google/PERFORMANCE_MAX/google::22094147466,0.0,0.0,7132.988574250861,10681.652455940848,17192.53608804082,18775.339781484654,19021.125394929622,10681.652455940848,10681.652455940846,campaign,905.1416035714285,0.0,0.0,7.880522280830027,11.801084398058954,18.99430544370518,20.742986188462183,21.01453001373236,11.801084398058954,90,0.0
total/google/PERFORMANCE_MAX/google::22104151159,5198.458297259818,6029.648056768598,7802.629574749513,11644.561446123807,19638.865569592253,23784.134959211104,24842.641296822094,11644.561446123807,11644.561446123807,campaign,771.9549942857143,6.734146855374545,7.81088029924309,10.107622377609259,15.08450820620502,25.44042815315158,30.810261136037383,32.18146327275058,15.08450820620502,90,0.0
total/google/PERFORMANCE_MAX/google::22211017645,8971.30271715055,9050.999460689876,9309.00339027388,9747.44533737963,11087.294549739427,12507.070181012261,12702.201568149998,9747.44533737963,9747.445337379626,campaign,1938.052706785714,4.629029275488371,4.670151347793363,4.80327668988579,5.029504772110092,5.720842632875476,6.453421074267584,6.554105326277099,5.029504772110092,90,0.0
total/google/PERFORMANCE_MAX/google::22211017651,1922.2337484315908,1924.570002783386,2055.0426379891455,2326.147039469148,2596.9880300108803,2711.7811817754437,2723.3347330771776,2326.147039469148,2326.147039469148,campaign,551.8204939285714,3.4834403027452767,3.4876740243585544,3.7241143824845944,4.215405308542688,4.706218885641893,4.914245142418472,4.935182297578261,4.215405308542688,90,0.0
total/google/PERFORMANCE_MAX/google::22211017654,17877.8507034517,18165.796967778922,18973.570251175282,19574.99637413589,20058.813392926004,20343.7517023315,20476.980148031504,19574.99637413589,19574.996374135884,campaign,5999.676717857143,2.9798023367227344,3.027795966691195,3.1624321015002828,3.2626751897937827,3.343315704531869,3.3908079816669723,3.413013919080811,3.2626751897937827,90,0.0
total/google/PERFORMANCE_MAX/google::22227081821,2603.2339162190633,2669.5159556957487,2936.8519048436283,3352.559287810159,3674.961739823618,3984.7932923325325,4110.5009875858495,3352.559287810159,3352.5592878101584,campaign,755.7487360714285,3.4445759443162633,3.5322797489183535,3.88601629704354,4.4360766056157805,4.862676660138382,5.272643012340963,5.4389783156678035,4.4360766056157805,90,0.0
total/google/PERFORMANCE_MAX/google::22496284541,18381.114784787154,18755.491153188832,19361.571956786625,19851.367820352152,20600.904404983805,22837.39121835181,23104.27678663923,19851.367820352152,19851.36782035215,campaign,4699.315488214285,3.911445152147442,3.991111301258009,4.1200834473328625,4.224310512911651,4.383809611559414,4.859727182741224,4.916519617502576,4.224310512911651,90,0.0
total/google/PERFORMANCE_MAX/google::22496284928,30463.74258606639,30769.680039352148,31483.079000773174,32498.454946352304,32764.755489602598,32944.19033967088,33047.74385748527,32498.454946352304,32498.454946352307,campaign,9664.1216775,3.1522515550473718,3.1839085916095295,3.2577279189346355,3.362794471225997,3.3903500579763475,3.4089171720976483,3.419632426030707,3.362794471225997,90,0.0
total/google/PERFORMANCE_MAX/google::22635965025,0.0,1073.4001430596838,6701.921792179642,10699.624916491688,12801.194974971508,16438.787971366477,21402.693234038466,10699.624916491688,10699.624916491686,campaign,1165.9634357142857,0.0,0.9206121823212267,5.747969093107924,9.176638468029614,10.979070683403819,14.098888067871394,18.356230202816672,9.176638468029614,90,0.0
total/google/PERFORMANCE_MAX/google::22645714681,6273.042626052141,18406.9445487414,29188.978660740348,33777.54167736394,36395.13023554277,42566.20269240147,46548.431160128384,33777.54167736394,33777.54167736392,campaign,7132.753726071427,0.8794699588635878,2.580622471439171,4.092245405031954,4.735554173684881,5.1025356591960245,5.967709572926199,6.5260112640628485,4.735554173684881,90,0.0
total/google/SEARCH/google::21567626631,37210.58898716615,39637.15413807935,44216.56767020287,50930.35699228532,54641.823815555945,56014.85932236706,57207.639686118375,50930.35699228532,50930.35699228532,campaign,10403.134032857144,3.5768633634480373,3.810116644935055,4.250312216544529,4.895674402677831,5.252438701931149,5.384421573869023,5.499077441993383,4.895674402677831,90,0.0
total/google/SEARCH/google::21577977814,31360.283059504705,33865.76610919641,40398.311340634944,41975.62826141537,43692.03609961101,70719.43152912933,76062.66558456671,41975.62826141537,41975.628261415426,campaign,9087.451521428571,3.4509436430616343,3.7266516392785802,4.445505018142229,4.61907589409805,4.807952592273362,7.782097253819743,8.370076627667055,4.61907589409805,90,0.0
total/google/SEARCH/google::21587818996,7155.611415499279,8098.602211421804,10326.436242113054,12601.779652971734,14734.050153210253,22445.485846688567,23780.34447890034,12601.779652971734,12601.779652971747,campaign,2097.293650714286,3.4118309627563392,3.8614536446356102,4.923695944340521,6.008590951810627,7.025268086894844,10.702118818241878,11.338586025281366,6.008590951810627,90,0.0
total/google/SEARCH/google::21697189844,0.0,0.0,0.0,149.17957968060864,1073.1217105285145,1630.1539218483613,2032.243528884038,149.17957968060864,149.1795796806104,campaign,16.84285714285714,0.0,0.0,0.0,8.857142135405093,63.71375719846991,96.78606830312579,120.65907296173253,8.857142135405093,90,0.0
total/google/SEARCH/google::21700991485,0.0,0.0,0.0,196.53631265319697,620.0216028412365,939.2396935774732,1022.7605025699861,196.53631265319697,196.53631265319584,campaign,37.786162499999996,0.0,0.0,0.0,5.201277389658105,16.40869466014805,24.85671027264209,27.067064631662085,5.201277389658105,90,0.0
total/google/SEARCH/google::21885723757,53433.34356482716,53613.0752357871,55074.64710599043,55589.50160096017,55691.16594739984,55723.96779797068,55723.96779797068,55589.50160096017,55589.50160096017,campaign,16135.094918571429,3.311622511952229,3.3227616885029088,3.4133450955159694,3.445254080096974,3.4515549011924023,3.4535878517722645,3.4535878517722645,3.445254080096974,90,0.0
total/google/SEARCH/google::9988712287,2052.6377400437486,10441.572220693546,25576.09869204781,74000.54266985627,104643.55300933734,221815.06910966575,241486.25855984818,74000.54266985627,74000.54266985635,campaign,14902.865533928569,0.1377344333793133,0.7006419132563311,1.7161866376516686,4.965524415514797,7.021706850343706,14.884054922502727,16.20401512783358,4.965524415514797,90,0.0
total/meta/prospecting/meta::120214631839140533,3894.16958517284,4190.137962269428,5402.756320376249,11135.610209147157,19006.47502997898,24073.40525318587,27640.982832703667,11135.610209147157,11135.610209147153,campaign,839.9892825,4.635975322902814,4.988323124550614,6.431934826949711,13.256847963589532,22.627044684917134,28.65918143805111,32.90635179348692,13.256847963589532,90,0.0
total/meta/prospecting/meta::120214873996970533,665.8788153120695,3372.6631494938993,20425.92895249338,41275.273447892694,70390.4469525782,76074.61960536218,76920.23020323979,41275.273447892694,41275.273447892694,campaign,7720.649996785714,0.08624647090455989,0.4368366848514072,2.645622967107325,5.346087889630607,9.117165909849996,9.853395716297696,9.96292154614747,5.346087889630607,90,0.0
total/meta/prospecting/meta::120216797384630533,10039.86352452587,10240.716323181161,10674.341769441226,11594.791489085075,12737.273755826343,12930.856758488588,13042.964263606955,11594.791489085075,11594.79148908507,campaign,1618.617857142857,6.202738639154755,6.326827717851706,6.5947263106829315,7.163390319659457,7.869228489984569,7.988826208376205,8.058087463973777,7.163390319659457,90,0.0
total/meta/prospecting/meta::120216797418540533,13172.878413034401,13762.504667755622,14006.554298883268,14416.89270859464,14945.326487343733,15216.545376374255,15324.69004959814,14416.89270859464,14416.89270859464,campaign,1729.382139642857,7.617100992933115,7.958047184758009,8.099166735800699,8.336441309363783,8.642003490581997,8.798833425859652,8.861367131247762,8.336441309363783,90,0.0
total/meta/remarketing/meta::120214632085450533,688.0309789738003,1549.9126394394661,5839.186505987163,13721.266601425183,17303.720025970786,19649.009690076346,23942.70135756358,13721.266601425183,13721.26660142517,campaign,1070.5500032142857,0.6426892502993914,1.447772299085435,5.454379980809143,12.817025417054413,16.163392624367873,18.35412603902755,22.364860385480856,12.817025417054413,90,0.0
total/meta/remarketing/meta::120214824667330533,0.0,0.0,18908.548898978803,43182.72207473054,75270.82284465716,83883.30983329883,84908.07489287946,43182.72207473054,43182.72207473055,campaign,1983.2142857142856,0.0,0.0,9.534294420518757,21.774108015351256,37.953953532332086,42.296644612504366,42.81336389340222,21.774108015351256,90,0.0
total/meta/remarketing/meta::120215116515630533,5052.841739881163,7410.953058864652,9295.493763229326,10566.21871279231,13745.753766035476,15256.8726970067,15381.044572063332,10566.21871279231,10566.218712792312,campaign,842.3678507142857,5.998379135192074,8.79776341485556,11.034957893214008,12.54347338141251,16.317994275754664,18.111888629260527,18.259296765683754,12.54347338141251,90,0.0
